{
    "N": 1344,
    "gap_percentage": 7.440476190476191,
    "TimeUnit": "unknown",
    "PhyiscalUnit": "mm",
    "ln_L": -6305.015021269471,
    "nit": 29,
    "nfev": 58,
    "ln_det_I": 10.961780359556007,
    "ln_det_HH": 68.11856947663699,
    "driving_noise": 39.29027583282302,
    "ln_det_C": 3.4768644740275545,
    "AIC": 12628.030042538941,
    "BIC": 12674.164827998633,
    "KIC": 12685.126608358189,
    "NoiseModel": {
        "ARMA": {
            "fraction": 1.0,
            "sigma": 39.29027583282302,
            "AR1": 0.5136542968750004,
            "d": 0.0
        }
    },
    "time_bias": 28898.53125,
    "bias": 19129.2608872056,
    "bias_sigma": 454.33396821684613,
    "trend": 1.304170114038714,
    "trend_sigma": 0.0691351185178276,
    "amp_365.250": 34.24049737616549,
    "amp_365.250_sigma": 2.5855975509178357,
    "pha_365.250": -69.68351420462268,
    "pha_365.250_sigma": 4.356122152785837,
    "cos_365.250": 11.823536872805562,
    "cos_365.250_sigma": 2.599021869681552,
    "sin_365.250": -32.02954156184569,
    "sin_365.250_sigma": 2.579668779105126,
    "amp_182.625": 10.71442153937528,
    "amp_182.625_sigma": 1.8492376059660318,
    "pha_182.625": -117.63924728069536,
    "pha_182.625_sigma": 10.456090009519215,
    "cos_182.625": -4.887243925069924,
    "cos_182.625_sigma": 1.9088858745130708,
    "sin_182.625": -9.347816710309417,
    "sin_182.625_sigma": 1.8198346068518396,
    "jump_epochs": [],
    "jump_sizes": [],
    "jump_sigmas": [],
    "scale_factor_names": [
        "hadslp2_cascais"
    ],
    "scale_factor_values": [
        -11.968066781118978
    ],
    "scale_factor_sigmas": [
        0.44587044203308057
    ],
    "PhysicalUnit": "mm"
}