{
    "N": 14610,
    "gap_percentage": 10.0,
    "TimeUnit": "days",
    "PhyiscalUnit": "mm",
    "ln_L": -39136.30284333879,
    "nit": 53,
    "nfev": 104,
    "ln_det_I": 28.02310493918131,
    "ln_det_HH": 71.4577215866244,
    "driving_noise": 4.538095190034476,
    "ln_det_C": 1224.875635065934,
    "AIC": 78290.60568667758,
    "BIC": 78357.96259557936,
    "KIC": 78385.98570051855,
    "NoiseModel": {
        "GGM": {
            "fraction": 0.23206606473095595,
            "d": 0.5161406831101074,
            "kappa": -1.0322813662202148,
            "1-phi": 6.9e-06,
            "sigma": 10.023235968680815
        },
        "White": {
            "fraction": 0.7679339352690441,
            "sigma": 3.9768163084451107
        }
    },
    "time_bias": 58848.5,
    "bias": 48.70683344567994,
    "bias_sigma": 2.8471597372171242,
    "trend": 2.9775091015220325,
    "trend_sigma": 0.09701038789668258,
    "amp_365.250": 5.0723743216929735,
    "amp_365.250_sigma": 0.2140857959987344,
    "pha_365.250": -3.0720957572876144,
    "pha_365.250_sigma": 2.4148810624624546,
    "cos_365.250": 5.060715672274973,
    "cos_365.250_sigma": 0.21372754011991468,
    "sin_365.250": -0.2687439883416377,
    "sin_365.250_sigma": 0.21463571820032215,
    "amp_182.625": 0.2616475339282158,
    "amp_182.625_sigma": 0.12600724407705355,
    "pha_182.625": -37.62610553363186,
    "pha_182.625_sigma": 57.96586672028151,
    "cos_182.625": 0.13777725360822626,
    "cos_182.625_sigma": 0.15381947568692497,
    "sin_182.625": -0.134002021336979,
    "sin_182.625_sigma": 0.15407058338088356,
    "jump_epochs": [],
    "jump_sizes": [],
    "jump_sigmas": [],
    "PhysicalUnit": "mm"
}