{
    "N": 1000,
    "gap_percentage": 10.6,
    "TimeUnit": "days",
    "PhyiscalUnit": "mm",
    "ln_L": -1706.566444375326,
    "nit": 52,
    "nfev": 100,
    "ln_det_I": 20.725371830166203,
    "ln_det_HH": 64.52383260305021,
    "driving_noise": 1.5717366754201423,
    "ln_det_C": 111.36931894010281,
    "AIC": 3439.132888750652,
    "BIC": 3501.477063827908,
    "KIC": 3522.202435658074,
    "NoiseModel": {
        "GGM": {
            "fraction": 0.19910148865016924,
            "d": 0.6078662926506319,
            "kappa": -1.2157325853012637,
            "1-phi": 6.9e-06,
            "sigma": 4.2147629193440075
        },
        "White": {
            "fraction": 0.8008985113498308,
            "sigma": 1.4065932548365372
        }
    },
    "time_bias": 50583.5,
    "bias": 1.102824929080807,
    "bias_sigma": 2.892555961906452,
    "trend": 16.75336928061373,
    "trend_sigma": 1.0439840770114563,
    "amp_365.250": 5.685284592715556,
    "amp_365.250_sigma": 0.4182756610846107,
    "pha_365.250": -43.9395975625618,
    "pha_365.250_sigma": 4.195437430197229,
    "cos_365.250": 4.0822135659123955,
    "cos_365.250_sigma": 0.4134272901656816,
    "sin_365.250": -3.9347269343701736,
    "sin_365.250_sigma": 0.42427406837132,
    "amp_182.625": 0.33835966425058955,
    "amp_182.625_sigma": 0.1768519778078583,
    "pha_182.625": -7.665023145583234,
    "pha_182.625_sigma": 96.82528068605896,
    "cos_182.625": 0.04686173596737708,
    "cos_182.625_sigma": 0.2667174149960187,
    "sin_182.625": -0.019870820259517585,
    "sin_182.625_sigma": 0.26839568080833687,
    "jump_epochs": [
        50784.0,
        51034.0,
        50284.0,
        50335.0
    ],
    "jump_sizes": [
        -40.57635963490926,
        38.45660181807324,
        24.357828518907464,
        -24.421680947064868
    ],
    "jump_sigmas": [
        0.8762707863328575,
        0.9009215642359653,
        0.8462250018284044,
        0.9238469031631881
    ],
    "PhysicalUnit": "mm"
}