{
    "N": 1000,
    "gap_percentage": 10.6,
    "TimeUnit": "days",
    "PhyiscalUnit": "mm",
    "ln_L": -1706.5675402705367,
    "nit": 52,
    "nfev": 100,
    "ln_det_I": 20.725371830166182,
    "ln_det_HH": 64.5216408126287,
    "driving_noise": 1.5717366754201423,
    "ln_det_C": 111.36931894010281,
    "AIC": 3439.1350805410734,
    "BIC": 3501.4792556183293,
    "KIC": 3522.2046274484956,
    "NoiseModel": {
        "GGM": {
            "fraction": 0.19910148865016924,
            "d": 0.6078662926506319,
            "kappa": -1.2157325853012637,
            "1-phi": 6.9e-06,
            "sigma": 4.2147629193440075
        },
        "White": {
            "fraction": 0.8008985113498308,
            "sigma": 1.4065932548365372
        }
    },
    "time_bias": 50583.5,
    "bias": 1.1028249290682162,
    "bias_sigma": 2.892555961906463,
    "trend": 16.75336928061324,
    "trend_sigma": 1.0439840770114586,
    "amp_365.250": 5.6852845927154005,
    "amp_365.250_sigma": 0.4182756610846171,
    "pha_365.250": -43.93761273714352,
    "pha_365.250_sigma": 4.232652651405753,
    "cos_365.250": 4.082213565912282,
    "cos_365.250_sigma": 0.4134272901656812,
    "sin_365.250": -3.9347269343700653,
    "sin_365.250_sigma": 0.42427406837132015,
    "amp_182.625": 0.33835966425059527,
    "amp_182.625_sigma": 0.17685197780786122,
    "pha_182.625": -5.520360721426219,
    "pha_182.625_sigma": 97.00813607773944,
    "cos_182.625": 0.04686173596742371,
    "cos_182.625_sigma": 0.26671741499601864,
    "sin_182.625": -0.019870820259531685,
    "sin_182.625_sigma": 0.26839568080833687,
    "jump_epochs": [
        50284.0,
        50334.0,
        50784.0,
        51034.0
    ],
    "jump_sizes": [
        24.35782851890841,
        -24.421680947064473,
        -40.57635963490888,
        38.45660181807364
    ],
    "jump_sigmas": [
        0.8462250018284233,
        0.923846903163175,
        0.8762707863328592,
        0.900921564235966
    ],
    "PhysicalUnit": "mm"
}