{
    "N": 3285,
    "gap_percentage": 0.76103500761035,
    "TimeUnit": "days",
    "PhyiscalUnit": "mm",
    "ln_L": -5951.008883078688,
    "nit": 45,
    "nfev": 85,
    "ln_det_I": 53.594109131670905,
    "ln_det_HH": 96.22355118333367,
    "driving_noise": 1.455085872617415,
    "ln_det_C": 247.74522843331056,
    "AIC": 11924.017766157376,
    "BIC": 11991.002073375344,
    "KIC": 12044.596182507015,
    "NoiseModel": {
        "GGM": {
            "fraction": 0.585458152864343,
            "d": 0.4888944451750599,
            "kappa": -0.9777888903501198,
            "1-phi": 6.9e-06,
            "sigma": 4.710365596254174
        },
        "White": {
            "fraction": 0.414541847135657,
            "sigma": 0.9368559369338249
        }
    },
    "time_bias": 53186.0,
    "bias": 0.3617548680953959,
    "bias_sigma": 2.043182894608849,
    "trend": 0.16944198238094657,
    "trend_sigma": 0.5171358733605107,
    "amp_365.250": 6.604642982132116,
    "amp_365.250_sigma": 0.20194509257347096,
    "pha_365.250": -151.19324631416714,
    "pha_365.250_sigma": 1.7435855807162235,
    "cos_365.250": -5.783412811242521,
    "cos_365.250_sigma": 0.20007570208517927,
    "sin_365.250": -3.183178462048283,
    "sin_365.250_sigma": 0.2039091376039727,
    "amp_182.625": 1.314032960678934,
    "amp_182.625_sigma": 0.14423171245822178,
    "pha_182.625": 68.11718756503085,
    "pha_182.625_sigma": 6.4402200954963496,
    "cos_182.625": 0.4872666907343532,
    "cos_182.625_sigma": 0.14402639273217324,
    "sin_182.625": 1.2116892482121755,
    "sin_182.625_sigma": 0.14533755283493405,
    "jump_epochs": [],
    "jump_sizes": [],
    "jump_sigmas": [],
    "break_epochs": [
        52639.0,
        53734.0
    ],
    "break_trend_changes": [
        3.316388526262421,
        -2.4730328147262055
    ],
    "break_trend_sigmas": [
        0.846178140735696,
        0.8466416033233584
    ],
    "trend_segments": [
        0.16944198238094657,
        3.485830508643368,
        1.0127976939171623
    ],
    "PhysicalUnit": "mm"
}