{
    "N": 1000,
    "gap_percentage": 11.3,
    "TimeUnit": "days",
    "PhyiscalUnit": "mm",
    "ln_L": -1674.159374052748,
    "nit": 48,
    "nfev": 91,
    "ln_det_I": 21.01880337776815,
    "ln_det_HH": 64.52383260305021,
    "driving_noise": 1.5395188222144391,
    "ln_det_C": 109.19919111264427,
    "AIC": 3374.318748105496,
    "BIC": 3436.5607328755204,
    "KIC": 3457.5795362532886,
    "NoiseModel": {
        "GGM": {
            "fraction": 0.27151278142347585,
            "d": 0.5737890165372546,
            "kappa": -1.1475780330745091,
            "1-phi": 6.9e-06,
            "sigma": 4.359866634971354
        },
        "White": {
            "fraction": 0.7284872185765241,
            "sigma": 1.3140018333681915
        }
    },
    "time_bias": 50583.5,
    "bias": 1.2460607849380603,
    "bias_sigma": 2.4586695473194675,
    "trend": 16.863929311176495,
    "trend_sigma": 1.0211545331835639,
    "amp_365.250": 5.71770202200841,
    "amp_365.250_sigma": 0.41796721245457685,
    "pha_365.250": -44.242821038694665,
    "pha_365.250_sigma": 4.207752380334046,
    "cos_365.250": 4.089768292751583,
    "cos_365.250_sigma": 0.41242310317998354,
    "sin_365.250": -3.9736968053032697,
    "sin_365.250_sigma": 0.42464560880548835,
    "amp_182.625": 0.3415064248696431,
    "amp_182.625_sigma": 0.1785117012301705,
    "pha_182.625": -0.4040046788801006,
    "pha_182.625_sigma": 99.3877353440016,
    "cos_182.625": 0.028774777173169452,
    "cos_182.625_sigma": 0.2708379303898861,
    "sin_182.625": -0.001413313686877804,
    "sin_182.625_sigma": 0.2726012666623541,
    "jump_epochs": [
        50784.0,
        51034.0,
        50284.0,
        50335.0
    ],
    "jump_sizes": [
        -40.69052186487548,
        38.1184632859091,
        24.24368452730861,
        -24.35945338693856
    ],
    "jump_sigmas": [
        0.8869833286168493,
        0.9531023167132989,
        0.8532522214143725,
        0.9382049570550582
    ],
    "PhysicalUnit": "mm"
}