{
    "N": 5000,
    "gap_percentage": 0.0,
    "TimeUnit": "unknown",
    "PhyiscalUnit": "mm",
    "ln_L": 3200.589942196886,
    "nit": 49,
    "nfev": 93,
    "ln_det_I": 88.55512108416085,
    "ln_det_HH": 96.66102715484551,
    "driving_noise": 0.12292564897573648,
    "ln_det_C": 379.2961640671386,
    "AIC": -6371.179884393772,
    "BIC": -6273.421986522529,
    "KIC": -6184.866865438368,
    "NoiseModel": {
        "GGM": {
            "fraction": 0.678003163147419,
            "d": 0.5390827656695132,
            "kappa": -1.0781655313390264,
            "1-phi": 6.9e-06,
            "sigma": 0.4965722916302133
        },
        "White": {
            "fraction": 0.32199683685258096,
            "sigma": 0.06975387078353729
        }
    },
    "time_bias": 54044.5,
    "bias": -0.9186921979861777,
    "bias_sigma": 0.3065460670578193,
    "trend": -0.13752496191841967,
    "trend_sigma": 0.037862822655398566,
    "amp_365.250": 0.03740329955522521,
    "amp_365.250_sigma": 0.01626190403146224,
    "pha_365.250": 91.48215052784336,
    "pha_365.250_sigma": 104.83444530286609,
    "cos_365.250": -0.02507649950367724,
    "cos_365.250_sigma": 0.01841486443728272,
    "sin_365.250": 0.018924146194638607,
    "sin_365.250_sigma": 0.018368343791266846,
    "amp_182.625": 0.01838536510576297,
    "amp_182.625_sigma": 0.00939025885609958,
    "pha_182.625": 53.153915528677594,
    "pha_182.625_sigma": 107.24597397878426,
    "cos_182.625": -0.006041284753637733,
    "cos_182.625_sigma": 0.0125620421661192,
    "sin_182.625": 0.008509849018016304,
    "sin_182.625_sigma": 0.012628589412814837,
    "jump_epochs": [
        51994.0,
        53544.0,
        55044.0
    ],
    "jump_sizes": [
        1.9636375863086428,
        -1.4411064933737967,
        0.6656474690816965
    ],
    "jump_sigmas": [
        0.09034433707892386,
        0.08638677585814951,
        0.08942692878205254
    ],
    "postseismicexp_epochs": [
        [
            53544.0,
            100.0
        ]
    ],
    "postseismicexp_sizes": [
        0.6089231913182024
    ],
    "postseismicexp_sigmas": [
        0.17328442609276104
    ],
    "postseismiclog_epochs": [
        [
            51994.0,
            10.0
        ],
        [
            55044.0,
            10.0
        ]
    ],
    "postseismiclog_sizes": [
        0.5700448272599575,
        -0.09568539277453242
    ],
    "postseismiclog_sigmas": [
        0.048352236379030245,
        0.04704821023296652
    ],
    "PhysicalUnit": "mm"
}